Title,Body,Labels,Status
web：图片压缩功能开发,"1.使用Canvas API实现图片压缩\n2.支持WebP格式转换和压缩\n3.提供质量滑块（0-100）\n4.显示压缩前后大小对比\n5.支持批量压缩\n6.使用Web Worker进行图片处理\n7.实现压缩进度显示\n8.实现压缩结果预览",web,Planning
web：图片格式转换功能开发,"1.使用Canvas API进行格式转换\n2.支持JPEG、PNG、WebP格式转换\n3.处理透明度（PNG转JPEG）\n4.实现批量格式转换\n5.实现转换进度显示\n6.实现转换质量配置\n7.实现转换结果预览",web,Planning
web：图片尺寸调整功能开发,"1.使用Canvas API进行尺寸调整\n2.支持等比例缩放\n3.支持自定义尺寸\n4.提供常用尺寸预设（缩略图、中等、大图）\n5.实现批量尺寸调整\n6.实现尺寸调整预览\n7.实现宽高比保持选项",web,Planning
web：批量操作功能开发,"1.实现多选图片（复选框）\n2.实现批量删除功能\n3.实现批量编辑标签\n4.实现批量导出功能\n5.实现批量压缩\n6.实现批量格式转换\n7.实现批量尺寸调整\n8.实现选择模式切换",web,Planning
web：图片排序功能开发,"1.实现按创建时间排序（最新/最旧）\n2.实现按文件大小排序（大/小）\n3.实现按名称排序（A-Z/Z-A）\n4.实现按更新时间排序\n5.实现排序状态持久化\n6.实现排序UI组件",web,Planning
web：图片导出功能开发,"1.实现导出单张图片\n2.实现批量导出为ZIP\n3.实现导出元数据（JSON/CSV）\n4.实现导出图片链接列表\n5.实现导出进度显示\n6.实现导出格式选择",web,Planning
web：又拍云存储支持开发,"1.复用Desktop端的又拍云配置组件\n2.支持存储服务切换\n3.实现统一存储接口抽象\n4.实现又拍云上传功能\n5.实现又拍云下载功能\n6.实现存储服务配置管理",web,Planning
web：AI图片分析功能开发,"1.使用浏览器端AI模型（TensorFlow.js）\n2.或调用第三方API（需要后端支持）\n3.实现自动生成标签建议\n4.实现生成图片描述\n5.实现对象检测\n6.实现场景识别\n7.实现图片分类",web,Planning
web：图片裁剪功能开发,"1.使用react-image-crop库\n2.支持自由裁剪和固定比例裁剪\n3.实现裁剪后上传\n4.实现裁剪预览\n5.实现裁剪尺寸配置\n6.实现裁剪结果保存",web,Planning
web：图片水印功能开发,"1.使用Canvas API添加水印\n2.支持文字水印（位置、大小、颜色）\n3.支持图片水印\n4.实现水印透明度调节\n5.实现水印位置配置\n6.实现批量添加水印",web,Planning
web：PWA支持功能开发,"1.实现Service Worker离线缓存\n2.实现Web App Manifest配置\n3.实现离线图片浏览功能\n4.实现PWA安装提示组件\n5.实现离线状态指示器\n6.实现缓存策略配置（GitHub API、图片缓存）\n7.实现后台同步功能\n8.实现推送通知功能",web,Completed
web：Web Worker图片处理优化,"1.使用Web Worker进行图片压缩\n2.实现批量图片处理不阻塞主线程\n3.实现进度反馈机制\n4.实现Worker池管理\n5.实现任务队列管理\n6.实现Worker错误处理\n7.实现Worker性能监控",web,Planning
web：性能监控与分析功能开发,"1.实现Web Vitals监控（LCP、FID、CLS）\n2.实现自定义性能指标\n3.实现性能报告生成\n4.实现性能优化建议\n5.实现性能数据可视化\n6.实现性能基准测试\n7.实现性能告警机制",web,Planning
web：错误监控与追踪功能开发,"1.实现错误边界（Error Boundary）\n2.实现错误日志收集\n3.实现Source Map支持\n4.实现错误上报与分析\n5.实现错误分类与处理\n6.实现上下文信息收集\n7.实现错误聚合分析\n8.实现告警机制",web,Planning
web：自动化测试体系开发,"1.实现单元测试（Jest + React Testing Library）\n2.实现集成测试\n3.实现E2E测试（Playwright/Cypress）\n4.实现视觉回归测试\n5.实现测试覆盖率报告\n6.实现测试金字塔策略\n7.实现测试驱动开发（TDD）\n8.实现CI/CD集成",web,Planning
web：虚拟滚动优化开发,"1.使用react-window实现虚拟滚动\n2.支持大量图片流畅浏览（10000+）\n3.实现动态高度计算\n4.实现滚动位置恢复\n5.实现懒加载优化\n6.实现滚动性能监控",web,Planning
web：图片缓存策略优化,"1.使用Service Worker缓存图片\n2.实现图片CDN缓存\n3.实现浏览器本地存储缓存\n4.实现缓存版本管理\n5.实现缓存清理机制\n6.实现缓存命中率统计",web,Planning
web：批量上传优化开发,"1.实现并发上传（限制并发数）\n2.实现上传队列管理\n3.实现断点续传功能\n4.实现上传进度持久化\n5.实现上传失败重试机制\n6.实现上传速度优化",web,Planning
web：搜索体验优化开发,"1.添加搜索历史\n2.实现搜索建议/自动完成\n3.实现搜索结果高亮\n4.实现搜索快捷键优化\n5.实现搜索过滤组合\n6.实现搜索性能优化",web,Planning
web：标签系统优化开发,"1.实现标签自动完成\n2.实现标签颜色标记\n3.实现标签使用频率统计\n4.实现标签管理界面\n5.实现标签批量编辑\n6.实现标签智能推荐",web,Planning
web：图片预览优化开发,"1.实现全屏预览\n2.实现图片缩放（鼠标滚轮）\n3.实现图片旋转\n4.实现键盘导航（左右箭头切换）\n5.实现预览性能优化\n6.实现预览缓存机制",web,Planning
web：拖拽体验优化开发,"1.实现拖拽排序\n2.实现拖拽到标签区域添加标签\n3.实现拖拽上传区域视觉反馈\n4.实现拖拽状态提示\n5.实现拖拽性能优化",web,Planning
web：图片信息展示增强开发,"1.显示图片EXIF信息\n2.显示图片颜色直方图\n3.显示图片主要颜色\n4.显示图片相似度\n5.实现图片元数据详细展示\n6.实现图片分析结果展示",web,Planning
web：分享功能开发,"1.实现生成图片分享链接\n2.实现二维码分享\n3.实现社交媒体分享\n4.实现分享权限控制\n5.实现分享统计\n6.实现分享链接管理",web,Planning
web：收藏功能开发,"1.实现收藏图片\n2.实现收藏夹管理\n3.实现快速访问收藏\n4.实现收藏分类\n5.实现收藏导出\n6.实现收藏同步",web,Planning
web：历史记录功能开发,"1.实现操作历史记录\n2.实现最近查看的图片\n3.实现最近上传的图片\n4.实现历史记录搜索\n5.实现历史记录清理\n6.实现历史记录导出",web,Planning
web：状态管理优化开发,"1.使用React Query管理服务器状态\n2.优化Zustand store结构\n3.实现状态持久化\n4.实现乐观更新（Optimistic Updates）\n5.实现状态缓存策略\n6.实现状态同步机制",web,Planning
web：代码分割优化开发,"1.实现路由级别代码分割\n2.实现组件懒加载\n3.实现图片处理模块按需加载\n4.实现Bundle分析\n5.实现加载性能优化\n6.实现代码分割策略优化",web,Planning
web：TypeScript高级特性应用,"1.实现泛型高级应用\n2.实现条件类型\n3.实现模板字面量类型\n4.实现类型守卫与断言\n5.实现类型系统设计\n6.实现类型安全优化",web,Planning
web：数据可视化Dashboard开发,"1.实现图片统计图表（上传趋势、存储使用、格式分布）\n2.实现用户行为分析\n3.实现性能监控可视化\n4.使用Chart.js或D3.js\n5.实现数据导出功能\n6.实现实时数据更新",web,Planning
web：实时协作功能开发,"1.实现WebSocket实时同步\n2.实现多人同时编辑冲突处理\n3.实现操作历史记录\n4.实现用户在线状态\n5.实现OT（Operational Transformation）算法\n6.实现状态同步机制",web,Planning
web：智能推荐系统开发,"1.实现基于用户行为的图片推荐\n2.实现相似图片查找\n3.实现标签自动补全\n4.实现智能分类\n5.实现协同过滤算法\n6.实现内容相似度计算",web,Planning
web：手势操作支持开发,"1.实现触摸手势（缩放、旋转、拖拽）\n2.实现手势识别库集成\n3.实现移动端优化\n4.实现手势反馈动画\n5.实现手势性能优化\n6.实现手势冲突处理",web,Planning
web：微前端架构探索,"1.实现模块联邦（Module Federation）\n2.实现独立部署的图片处理模块\n3.实现插件系统设计\n4.实现动态加载机制\n5.实现版本管理\n6.实现模块间通信",web,Planning
desktop：操作日志记录功能开发,"1.实现用户操作日志记录\n2.实现日志分类（上传、删除、编辑等）\n3.实现日志时间戳记录\n4.实现日志查询和过滤\n5.实现日志导出功能\n6.实现日志清理机制",desktop,Planning
desktop：本地文件监控功能开发,"1.实现文件夹监控（监听指定文件夹变化）\n2.实现自动导入新图片\n3.实现文件变化通知\n4.实现监控配置管理\n5.实现监控状态显示\n6.实现监控性能优化",desktop,Planning
desktop：批量处理优化开发,"1.实现批量处理任务队列\n2.实现批量处理进度显示\n3.实现批量处理暂停/恢复\n4.实现批量处理错误处理\n5.实现批量处理结果统计\n6.实现批量处理性能优化",desktop,Planning
desktop：图片元数据管理开发,"1.实现EXIF信息读取和编辑\n2.实现IPTC元数据管理\n3.实现XMP元数据支持\n4.实现元数据批量编辑\n5.实现元数据导入导出\n6.实现元数据搜索过滤",desktop,Planning
desktop：图片去重功能开发,"1.实现基于文件哈希的去重\n2.实现基于视觉相似度的去重\n3.实现重复图片检测\n4.实现重复图片标记\n5.实现重复图片批量删除\n6.实现去重结果预览",desktop,Planning
desktop：图片搜索增强开发,"1.实现全文搜索（图片内容、标签、描述）\n2.实现高级搜索（多条件组合）\n3.实现搜索历史记录\n4.实现搜索保存和加载\n5.实现搜索性能优化\n6.实现搜索高亮显示",desktop,Planning
desktop：图片组织功能开发,"1.实现图片文件夹管理\n2.实现图片集合（Collection）功能\n3.实现智能相册（基于标签、时间）\n4.实现图片分组功能\n5.实现图片移动和复制\n6.实现组织结构可视化",desktop,Planning
desktop：图片编辑功能开发,"1.实现基础编辑（裁剪、旋转、翻转）\n2.实现亮度、对比度、饱和度调节\n3.实现滤镜效果（黑白、怀旧、锐化等）\n4.实现图片标注（文字、箭头、形状）\n5.实现编辑历史记录\n6.实现编辑撤销/重做",desktop,Planning
desktop：图片分享功能开发,"1.实现生成分享链接\n2.实现二维码生成\n3.实现邮件分享\n4.实现社交媒体分享\n5.实现分享权限设置\n6.实现分享统计",desktop,Planning
desktop：性能监控功能开发,"1.实现应用性能监控\n2.实现内存使用监控\n3.实现CPU使用监控\n4.实现处理任务性能统计\n5.实现性能报告生成\n6.实现性能优化建议",desktop,Planning
desktop：快捷键自定义功能开发,"1.实现快捷键自定义配置\n2.实现快捷键冲突检测\n3.实现快捷键导入导出\n4.实现快捷键预设方案\n5.实现快捷键提示显示\n6.实现全局快捷键支持",desktop,Planning
desktop：主题系统增强开发,"1.实现自定义主题颜色\n2.实现主题导入导出\n3.实现主题市场\n4.实现跟随系统主题\n5.实现主题预览功能\n6.实现主题切换动画",desktop,Planning
desktop：多语言支持增强,"1.实现更多语言支持\n2.实现语言包管理\n3.实现语言包导入导出\n4.实现语言切换动画\n5.实现RTL语言支持\n6.实现语言包更新机制",desktop,Planning
desktop：插件系统开发,"1.实现插件架构设计\n2.实现插件加载机制\n3.实现插件API接口\n4.实现插件市场\n5.实现插件热更新\n6.实现插件权限管理",desktop,Planning
desktop：数据备份恢复功能开发,"1.实现配置数据备份\n2.实现图片元数据备份\n3.实现备份自动执行\n4.实现备份数据恢复\n5.实现备份加密\n6.实现备份到云端",desktop,Planning
desktop：网络同步功能开发,"1.实现多设备数据同步\n2.实现同步冲突解决\n3.实现同步状态显示\n4.实现选择性同步\n5.实现同步性能优化\n6.实现离线同步队列",desktop,Planning
desktop：图片打印功能开发,"1.实现图片打印预览\n2.实现打印布局配置\n3.实现打印质量设置\n4.实现批量打印\n5.实现打印模板\n6.实现打印历史记录",desktop,Planning
desktop：图片幻灯片功能开发,"1.实现幻灯片播放\n2.实现播放模式配置\n3.实现过渡效果\n4.实现背景音乐支持\n5.实现幻灯片导出\n6.实现全屏播放",desktop,Planning
desktop：图片对比功能开发,"1.实现并排对比\n2.实现差异高亮\n3.实现缩放同步\n4.实现对比结果导出\n5.实现多图对比\n6.实现对比历史记录",desktop,Planning
mobile：相机拍照功能开发,"1.实现相机权限请求\n2.实现拍照界面\n3.实现拍照参数配置（分辨率、质量）\n4.实现实时预览\n5.实现拍照后编辑\n6.实现连拍功能",mobile,Planning
mobile：相册选择功能开发,"1.实现相册权限请求\n2.实现相册浏览界面\n3.实现多选功能\n4.实现相册分类显示\n5.实现最近照片快速访问\n6.实现选择预览",mobile,Planning
mobile：图片上传优化开发,"1.实现后台上传\n2.实现上传队列管理\n3.实现断点续传\n4.实现上传进度显示\n5.实现上传失败重试\n6.实现上传速度优化",mobile,Planning
mobile：图片预览增强开发,"1.实现全屏预览\n2.实现手势缩放\n3.实现手势旋转\n4.实现左右滑动切换\n5.实现预览工具栏\n6.实现预览性能优化",mobile,Planning
mobile：图片编辑功能开发,"1.实现基础编辑（裁剪、旋转）\n2.实现滤镜效果\n3.实现亮度对比度调节\n4.实现图片标注\n5.实现编辑撤销\n6.实现编辑保存",mobile,Planning
mobile：图片压缩功能开发,"1.集成WASM压缩模块\n2.实现压缩质量配置\n3.实现批量压缩\n4.实现压缩进度显示\n5.实现压缩结果预览\n6.实现压缩性能优化",mobile,Planning
mobile：图片格式转换功能开发,"1.实现格式转换功能\n2.实现批量转换\n3.实现转换进度显示\n4.实现转换质量配置\n5.实现转换结果预览\n6.实现转换性能优化",mobile,Planning
mobile：AI图片分析功能开发,"1.集成AI分析服务\n2.实现物体检测\n3.实现场景识别\n4.实现人脸检测\n5.实现OCR文字识别\n6.实现智能标签生成",mobile,Planning
mobile：离线功能开发,"1.实现离线图片浏览\n2.实现离线缓存管理\n3.实现离线操作队列\n4.实现网络恢复自动同步\n5.实现离线状态提示\n6.实现缓存清理机制",mobile,Planning
mobile：手势操作优化开发,"1.实现长按菜单\n2.实现滑动删除\n3.实现拖拽排序\n4.实现捏合缩放\n5.实现手势冲突处理\n6.实现手势反馈动画",mobile,Planning
mobile：搜索功能开发,"1.实现图片搜索界面\n2.实现按名称搜索\n3.实现按标签搜索\n4.实现搜索历史\n5.实现搜索建议\n6.实现搜索性能优化",mobile,Planning
mobile：标签管理功能开发,"1.实现标签创建和编辑\n2.实现标签颜色标记\n3.实现标签快速选择\n4.实现标签统计\n5.实现标签批量操作\n6.实现标签智能推荐",mobile,Planning
mobile：收藏功能开发,"1.实现图片收藏\n2.实现收藏夹管理\n3.实现收藏快速访问\n4.实现收藏分类\n5.实现收藏同步\n6.实现收藏导出",mobile,Planning
mobile：分享功能开发,"1.实现系统分享集成\n2.实现分享到社交媒体\n3.实现分享链接生成\n4.实现二维码分享\n5.实现分享权限设置\n6.实现分享统计",mobile,Planning
mobile：通知功能开发,"1.实现上传完成通知\n2.实现同步完成通知\n3.实现错误通知\n4.实现通知权限管理\n5.实现通知设置\n6.实现通知历史",mobile,Planning
mobile：深色模式支持开发,"1.实现深色模式切换\n2.实现跟随系统主题\n3.实现主题过渡动画\n4.实现主题持久化\n5.实现主题预览\n6.实现主题自定义",mobile,Planning
mobile：性能优化开发,"1.实现图片懒加载\n2.实现图片缓存\n3.实现列表虚拟化\n4.实现内存管理优化\n5.实现启动速度优化\n6.实现电池使用优化",mobile,Planning
mobile：权限管理优化开发,"1.实现权限请求引导\n2.实现权限状态检查\n3.实现权限设置跳转\n4.实现权限说明展示\n5.实现权限请求重试\n6.实现权限使用统计",mobile,Planning
mobile：数据同步功能开发,"1.实现与桌面端数据同步\n2.实现与Web端数据同步\n3.实现同步冲突解决\n4.实现选择性同步\n5.实现同步状态显示\n6.实现同步性能优化",mobile,Planning
mobile：图片信息展示开发,"1.实现图片详细信息\n2.实现EXIF信息显示\n3.实现图片元数据编辑\n4.实现图片位置信息\n5.实现图片拍摄时间\n6.实现图片尺寸信息",mobile,Planning
mobile：批量操作功能开发,"1.实现多选模式\n2.实现批量删除\n3.实现批量上传\n4.实现批量编辑标签\n5.实现批量压缩\n6.实现批量导出",mobile,Planning
mobile：排序和过滤功能开发,"1.实现按时间排序\n2.实现按大小排序\n3.实现按名称排序\n4.实现标签过滤\n5.实现格式过滤\n6.实现日期范围过滤",mobile,Planning
mobile：设置功能开发,"1.实现应用设置界面\n2.实现存储设置\n3.实现同步设置\n4.实现通知设置\n5.实现主题设置\n6.实现关于页面",mobile,Planning
mobile：错误处理优化开发,"1.实现错误捕获\n2.实现用户友好错误提示\n3.实现错误日志记录\n4.实现错误上报\n5.实现错误恢复机制\n6.实现错误统计",mobile,Planning
mobile：测试体系开发,"1.实现单元测试\n2.实现集成测试\n3.实现E2E测试\n4.实现性能测试\n5.实现测试覆盖率\n6.实现CI/CD集成",mobile,Planning
